date,open,high,low,close,volume
2025-09-01,46.85,47.5,45.85,46.75,27786909
2025-09-02,47.3,47.3,45.2,45.65,30642714
2025-09-03,46.25,47.85,46.05,46.35,38198651
2025-09-04,48.8,49.65,47.6,48.2,78540787
2025-09-05,49.4,53.0,49.1,53.0,162013609
2025-09-08,57.8,58.3,51.8,53.5,331104845
2025-09-09,53.5,55.9,52.8,53.9,118505197
2025-09-10,54.6,56.0,54.0,54.4,98707440
2025-09-11,55.5,59.0,55.4,56.5,168155667
2025-09-12,59.3,60.5,55.5,57.4,187210685
2025-09-15,60.1,63.1,57.4,63.1,254694617
2025-09-16,65.0,69.4,63.6,69.2,443163507
2025-09-17,69.2,73.7,67.7,73.3,353614328
2025-09-18,76.0,80.0,75.3,80.0,340363102
2025-09-19,81.0,81.4,78.6,79.2,219078657
2025-09-22,79.3,84.5,78.9,80.8,212268465
2025-09-23,80.8,81.0,78.3,81.0,46967368
2025-09-24,80.2,80.2,75.0,76.0,46123209
2025-09-25,74.3,78.4,74.3,76.6,26404083
2025-09-26,75.0,75.0,70.1,71.0,45605620
2025-09-30,73.5,75.0,72.5,73.0,31158952
2025-10-01,73.2,76.9,73.2,76.2,26053794
2025-10-02,81.2,81.2,79.2,79.7,32987374
2025-10-03,79.9,83.0,79.3,83.0,47766544
2025-10-07,87.2,91.2,87.2,91.2,52179282
2025-10-08,88.4,91.2,85.7,90.8,41561491
2025-10-09,96.7,99.8,92.0,98.5,219259632
2025-10-13,93.5,98.5,93.0,95.6,177182917
2025-10-14,98.1,101.0,87.1,89.1,371601393
2025-10-15,91.1,91.5,85.0,86.3,184866513
2025-10-16,89.2,94.9,89.2,94.9,139293308
2025-10-17,98.3,104.0,98.0,104.0,264907109
2025-10-20,108.0,110.0,104.0,107.0,216252568
2025-10-21,107.0,109.5,104.0,105.5,105119091
2025-10-22,103.0,111.0,102.0,110.0,104796480
2025-10-23,108.5,111.0,106.0,109.5,109837450
2025-10-27,120.0,120.0,120.0,120.0,27957079
2025-10-28,124.0,131.5,123.0,130.0,220692840
2025-10-29,132.0,136.5,125.5,133.0,194530568
2025-10-30,134.5,139.0,130.5,134.5,174638893
2025-10-31,133.5,134.0,127.5,132.5,124717002
2025-11-03,136.0,145.5,135.0,137.0,169158183
2025-11-04,141.0,143.0,131.0,131.5,152507836
2025-11-05,122.0,140.5,122.0,138.0,244967950
2025-11-06,142.0,149.0,139.0,148.0,276959366
2025-11-07,148.5,153.5,145.0,147.0,233103202
2025-11-10,153.0,161.5,151.0,161.5,180212057
2025-11-11,167.5,172.5,164.0,164.5,286107518
2025-11-12,160.0,166.5,158.0,163.0,192259424
2025-11-13,164.5,178.5,156.5,163.5,363056591
2025-11-14,156.0,162.0,150.5,158.5,219349095
2025-11-17,170.0,172.5,164.0,166.5,188655297
2025-11-18,165.0,168.0,156.0,160.5,192854043
2025-11-19,156.5,162.5,154.0,160.0,153622899
2025-11-20,169.5,169.5,144.5,155.5,405613000
2025-11-21,141.5,145.0,140.0,140.0,134957835
2025-11-24,141.0,145.5,138.5,143.0,177387374
2025-11-25,153.5,156.0,142.0,143.5,195798197
2025-11-26,142.5,145.5,133.0,136.5,165577185
2025-11-27,141.5,146.0,139.5,146.0,140139975
2025-11-28,146.0,149.5,142.5,146.0,109499388
2025-12-01,147.0,152.0,144.0,149.5,97816970
2025-12-02,152.5,152.5,144.5,149.5,122170507
2025-12-03,153.0,158.0,148.0,151.0,200254754
2025-12-04,151.0,152.5,145.5,151.0,135892677
2025-12-05,150.5,156.0,146.5,153.0,141034633
2025-12-08,156.0,163.5,156.0,163.5,48697439
2025-12-09,165.0,165.0,159.0,162.0,27319281
2025-12-10,162.0,162.5,155.0,156.0,26800283
2025-12-11,160.0,160.0,156.0,156.0,15169179
2025-12-12,158.0,162.0,158.0,162.0,26669665
2025-12-15,157.0,163.0,156.0,162.5,17448943
2025-12-16,160.0,161.0,154.5,158.0,25043527
2025-12-17,160.5,164.5,158.5,164.5,30151093
2025-12-18,164.5,171.0,164.5,170.0,40687506
2025-12-19,177.0,177.0,170.0,174.5,38432181
2025-12-22,184.5,186.0,178.5,180.0,156426861
2025-12-23,181.0,181.5,176.0,176.5,74676446
2025-12-24,177.5,190.0,175.0,189.0,118963502
2025-12-26,190.5,191.5,187.0,189.0,78418819
2025-12-29,189.5,191.0,184.5,188.5,72720023
2025-12-30,189.0,200.0,189.0,194.5,152110265
2025-12-31,196.5,201.0,189.5,193.0,115478826
2026-01-02,192.5,208.5,191.0,207.0,138960869
2026-01-05,211.0,213.0,206.5,208.0,114428383
2026-01-06,214.0,228.5,213.0,228.5,154970722
2026-01-07,242.0,248.0,230.0,241.0,166211293
2026-01-08,239.5,247.0,237.0,241.5,90272147
2026-01-09,233.0,233.0,217.5,217.5,21095873
2026-01-12,225.5,239.0,222.0,239.0,15870590
2026-01-13,245.0,245.0,224.5,230.0,11040441
2026-01-14,225.0,236.5,225.0,236.5,10586482
2026-01-15,235.5,242.5,235.5,237.5,7581987
2026-01-16,244.5,255.0,244.5,250.0,16081545
2026-01-19,270.0,275.0,270.0,275.0,13083599
2026-01-20,247.5,274.0,247.5,272.0,27036020
2026-01-21,266.0,267.0,245.0,251.0,28926625
2026-01-22,270.0,276.0,262.0,266.5,22556646
2026-01-23,275.0,282.5,256.0,271.5,167399779
2026-01-26,279.5,295.0,274.5,286.0,112336106
2026-01-27,283.0,286.0,274.0,277.0,76875660
2026-01-28,288.0,299.5,285.0,297.0,118256822
2026-01-29,306.0,313.0,287.0,297.0,128064431
2026-01-30,303.5,326.5,303.5,326.5,127839132
2026-02-02,310.0,310.0,294.0,294.0,99879925
2026-02-03,312.0,314.5,265.0,277.5,177860167
2026-02-04,279.5,298.0,273.5,295.0,102753596
2026-02-05,282.0,286.0,269.0,275.0,88050378
2026-02-06,260.0,277.5,251.0,264.0,133131168
2026-02-09,282.5,283.0,269.0,274.5,88633773
2026-02-10,276.5,281.0,263.5,271.0,96717244
2026-02-11,266.5,281.0,264.5,278.0,91754473
2026-02-23,295.0,298.5,286.5,289.0,92665480
2026-02-24,292.0,303.0,286.0,298.0,94108231
2026-02-25,298.0,298.0,283.0,288.0,68339903
2026-02-26,290.0,291.5,277.0,285.5,65835407
2026-03-02,268.0,291.0,267.5,285.0,53402138
2026-03-03,287.0,288.0,256.5,256.5,90115002
2026-03-04,238.0,246.5,231.0,234.5,106985500
2026-03-05,257.5,257.5,257.5,257.5,21495563
2026-03-06,259.0,262.0,232.5,233.0,161663082
2026-03-09,210.0,210.0,210.0,210.0,22142051
2026-03-10,220.0,231.0,215.0,231.0,115081371
2026-03-11,245.0,254.0,240.0,254.0,90316151
2026-03-12,257.0,261.5,239.0,239.5,152212129
2026-03-13,237.5,245.5,235.0,238.0,95267222
2026-03-16,247.0,261.5,245.5,261.5,93491414
2026-03-17,267.0,284.5,266.5,271.5,132621447
2026-03-18,284.5,288.5,271.5,276.0,102342490
2026-03-19,268.5,272.5,260.0,260.0,84244597
2026-03-20,264.5,264.5,234.0,234.0,159686881
2026-03-23,217.5,230.0,217.5,223.0,78708847
2026-03-24,226.5,227.0,204.0,216.5,149698558
2026-03-25,226.5,229.5,218.5,226.5,97313083
2026-03-26,249.0,249.0,225.0,225.5,185144097
2026-03-27,217.0,220.0,207.0,219.5,133271176
2026-03-30,215.0,227.0,213.5,220.5,125717079
2026-03-31,207.5,210.0,198.5,198.5,147689561
2026-04-01,211.5,213.0,205.0,211.0,121908452
2026-04-02,217.0,219.0,200.0,200.5,119851725
2026-04-07,210.5,212.0,202.5,206.0,73353667
2026-04-08,217.0,223.5,214.5,223.0,95259021
2026-04-09,222.0,222.0,204.0,205.0,90700533
2026-04-10,211.0,220.0,209.0,215.0,93633890
2026-04-13,218.5,227.5,214.5,225.5,97513828
2026-04-14,238.5,240.0,220.0,220.0,161560749
2026-04-15,227.5,229.5,211.5,211.5,106926490
2026-04-16,212.5,216.5,208.5,213.5,52962831
2026-04-17,215.0,217.0,205.0,210.0,68274911
2026-04-20,206.0,209.0,202.0,207.0,68203536
2026-04-21,211.0,223.5,210.0,220.0,109825599
2026-04-22,218.5,220.5,214.0,219.0,71110869
2026-04-23,228.5,230.0,204.0,208.0,141103957
2026-04-24,209.5,210.5,199.0,206.0,99650668
2026-04-27,216.5,226.5,216.0,226.5,133442494
2026-04-28,234.5,242.5,231.5,237.5,204983861
2026-04-29,236.0,242.0,232.0,235.0,98792725
2026-04-30,239.5,240.0,214.5,215.5,125666192
2026-05-04,223.0,237.0,217.0,237.0,144354307
2026-05-05,243.0,259.0,242.5,256.5,207567196
2026-05-06,282.0,282.0,270.5,282.0,149468917
2026-05-07,293.0,296.0,278.0,287.0,197355586
2026-05-08,282.0,289.0,260.0,274.0,130863185
2026-05-11,300.5,301.0,296.0,301.0,108987498
2026-05-12,312.5,325.0,301.0,321.0,217595653
2026-05-13,311.5,322.5,303.0,321.0,106103420
2026-05-14,342.5,353.0,335.5,341.0,181771498
2026-05-15,330.5,334.5,308.5,311.5,160442326
2026-05-18,300.0,309.0,287.0,305.0,117077708
2026-05-19,291.5,295.0,274.5,274.5,118906988
2026-05-20,279.5,285.0,265.5,275.0,123868197
2026-05-21,291.5,295.0,280.0,293.0,149826596
2026-05-22,299.5,321.0,296.0,310.5,157819181
2026-05-25,295.0,303.5,288.0,296.0,155862832
2026-05-26,300.5,314.0,295.5,303.5,152949355
2026-05-27,333.0,333.5,306.0,312.0,206216639
2026-05-28,310.0,339.0,306.0,324.0,226715301
2026-05-29,347.5,351.5,338.5,347.0,140975644
2026-06-01,362.0,381.5,359.5,381.5,129059908
2026-06-02,401.0,419.5,395.0,419.5,171631936
2026-06-03,430.0,430.5,400.0,401.5,151116427
2026-06-04,395.5,409.5,392.0,395.0,115749814
2026-06-05,370.0,374.0,355.5,360.0,121599979
2026-06-08,324.0,348.0,324.0,339.5,104497957
2026-06-09,350.5,366.0,342.0,363.0,99865292
2026-06-10,351.5,366.5,330.0,333.0,99760905
2026-06-11,336.0,353.5,325.0,340.0,101519192
2026-06-12,368.5,374.0,365.0,374.0,94572799
2026-06-15,391.0,399.5,382.0,395.5,132122225
2026-06-16,402.5,432.5,396.0,425.0,170526873
2026-06-17,415.0,437.0,412.0,437.0,101278057
2026-06-18,443.5,459.5,427.5,459.5,180896115
2026-06-22,484.0,505.0,480.0,505.0,96419516
2026-06-23,488.0,500.0,454.5,454.5,164235709
2026-06-24,440.0,457.0,435.0,443.5,125390124
2026-06-25,479.0,483.0,461.5,477.0,110549365
2026-06-26,480.0,498.0,443.0,449.0,143165163
2026-06-29,456.0,465.0,440.5,453.0,77020287
2026-06-30,465.5,465.5,436.0,452.5,109257612
2026-07-01,455.0,455.0,412.0,421.0,101276439
2026-07-02,386.5,412.0,386.5,407.0,64561076
2026-07-03,399.0,419.5,393.5,409.5,61733558
2026-07-06,428.0,443.0,420.5,420.5,62093163
2026-07-07,423.0,437.0,402.0,403.0,81670310
2026-07-08,414.0,422.0,391.0,396.0,62959726
2026-07-09,414.0,435.5,412.5,435.5,85459123
2026-07-13,466.5,466.5,420.5,423.0,130554777
2026-07-14,432.0,449.0,415.5,448.0,123272779
2026-07-15,460.0,489.5,453.5,481.0,158461435
2026-07-16,463.0,463.0,435.5,439.0,85483804
2026-07-17,400.5,413.5,395.5,395.5,82626113
2026-07-20,396.0,406.0,380.5,381.0,73602466
2026-07-21,392.5,415.0,389.0,405.0,70570915
2026-07-22,435.0,445.5,431.5,445.5,63907084
2026-07-23,452.0,452.0,415.0,426.0,89386639
2026-07-24,418.0,433.5,401.0,401.0,80045856
2026-07-27,401.5,440.0,387.0,436.0,81191012
2026-07-28,392.5,399.5,392.5,392.5,60940938
2026-07-29,378.0,378.0,353.5,353.5,56513023
2026-07-30,325.5,375.0,322.0,328.0,120154208
2026-07-31,360.5,360.5,360.5,360.5,8135174
2026-08-03,374.5,396.5,374.5,396.5,58799561
2026-08-04,400.0,436.0,400.0,436.0,119676759
2026-08-05,469.0,470.5,441.5,445.0,144425745
2026-08-06,441.0,462.5,436.0,459.0,106681466
2026-08-07,456.5,463.0,445.0,457.0,70547660
2026-08-10,473.0,502.0,473.0,502.0,102644584
